Ronde,Detik,Fase,accuracy,precision,recall,f1_score,fpr,real_tp,real_fp,real_tn,real_fn
1,0.8,Fase1_Benign,0.6,0.0,0.0,0.0,0.0,0,0,0,0
2,15.1,Fase1_Benign,0.6,0.0,0.0,0.0,0.0,0,0,666,0
3,28.7,Fase1_Benign,0.6,0.0,0.0,0.0,0.0,0,0,688,0
4,41.8,Fase1_Benign,0.6,0.0,0.0,0.0,0.0,0,0,617,0
5,76.2,Fase2_DDoS,0.818,0.8471,0.665,0.7451,0.08,0,0,200,8999
6,103.6,Fase3_Benign,0.851,0.821,0.8025,0.8116,0.1167,5999,0,313,3000
7,117.0,Fase3_Benign,0.823,0.7528,0.83,0.7895,0.1817,0,0,606,0
8,130.0,Fase3_Benign,0.815,0.7394,0.83,0.7821,0.195,0,0,621,0
9,143.1,Fase3_Benign,0.802,0.7167,0.835,0.7714,0.22,0,0,192,0
