Evaluasi,Metric,Keseluruhan,Test_Gabungan,Fase1_Learning,Fase2_Test_Benign,Fase3_Test_DDoS,Fase4_Test_Benign
Server (data uji),Accuracy,0.8574,0.889,0.7688,0.889,0.889,0.889
Server (data uji),Precision,0.8103,0.9003,0.5583,0.9003,0.9003,0.9003
Server (data uji),Recall,0.7189,0.8125,0.457,0.8125,0.8125,0.8125
Server (data uji),F1-Score,0.7614,0.8541,0.5019,0.8541,0.8541,0.8541
Server (data uji),False Positive Rate,0.0503,0.06,0.0233,0.06,0.06,0.06
Trafik Riil (federated),Accuracy,0.8869,1.0,0.558,0.9999,1.0,1.0
Trafik Riil (federated),Precision,1.0,1.0,1.0,1.0,1.0,
Trafik Riil (federated),Recall,0.874,1.0,0.5027,0.9999,1.0,
Trafik Riil (federated),F1-Score,0.9328,1.0,0.669,0.9999,1.0,
Trafik Riil (federated),False Positive Rate,0.0,0.0,0.0,0.0,0.0,0.0
Trafik Riil (federated),TP,61493.0,52532.0,8961.0,7532.0,45000.0,0.0
Trafik Riil (federated),FP,0.0,0.0,0.0,0.0,0.0,0.0
Trafik Riil (federated),TN,8021.0,5789.0,2232.0,2473.0,1083.0,2233.0
Trafik Riil (federated),FN,8867.0,1.0,8866.0,1.0,0.0,0.0
